﻿<?xml version="1.0" encoding="utf-8"?>
<CatapultGlobalSkinCache
  SavedSource="file:///C:/Users/Steve/Desktop/MCC-2022-Tools-TechWrite/MadCap-Info-2022/SPBrown-MadCapFlare1/Output/Steve/Temporary/GlobalSkinSet v.1.xml">
  <Map>
    <Tag
      Name="Main Page" />
    <Tag
      Name="Logo" />
    <Tag
      Name="Header" />
    <Tag
      Name="Search Bar" />
    <Tag
      Name="Search Input" />
    <Tag
      Name="Search Submit Button" />
    <Tag
      Name="Search Filter" />
    <Tag
      Name="Navigation Panel">
      <Class
        Name="TOC" />
      <Class
        Name="Index" />
    </Tag>
    <Tag
      Name="Navigation Panel Item" />
    <Tag
      Name="Navigation Panel Item (selected)" />
    <Tag
      Name="Navigation Panel Item (hover)" />
    <Tag
      Name="Navigation Tab (active)">
      <Class
        Name="TOC" />
      <Class
        Name="Index" />
      <Class
        Name="Glossary" />
      <Class
        Name="Browse Sequences" />
    </Tag>
    <Tag
      Name="Navigation Tab (inactive)">
      <Class
        Name="TOC" />
      <Class
        Name="Glossary" />
      <Class
        Name="Index" />
      <Class
        Name="Browse Sequences" />
      <Class
        Name="Community" />
    </Tag>
    <Tag
      Name="Topic Container" />
    <Tag
      Name="ToolbarItem">
      <Class
        Name="PreviousTopic" />
      <Class
        Name="RemoveHighlight" />
      <Class
        Name="ExpandAll" />
      <Class
        Name="CollapseAll" />
      <Class
        Name="Print" />
      <Class
        Name="NextTopic" />
      <Class
        Name="CurrentTopicIndex" />
      <Class
        Name="AccordionTitle" />
      <Class
        Name="QuickSearch" />
      <Class
        Name="Logo" />
      <Class
        Name="ToggleNavigationPane" />
      <Class
        Name="Back" />
      <Class
        Name="Forward" />
      <Class
        Name="Home" />
      <Class
        Name="Stop" />
      <Class
        Name="Refresh" />
      <Class
        Name="SelectTOC" />
      <Class
        Name="SelectIndex" />
      <Class
        Name="SelectSearch" />
      <Class
        Name="SelectFavorites" />
      <Class
        Name="SelectGlossary" />
      <Class
        Name="SelectBrowseSequence" />
      <Class
        Name="SelectCommunity" />
      <Class
        Name="AddTopicToFavorites" />
      <Class
        Name="TopicRatings" />
      <Class
        Name="EditUserProfile" />
      <Class
        Name="Separator" />
      <Class
        Name="SelectLanguage" />
      <Class
        Name="SelectSkin" />
    </Tag>
    <Tag
      Name="Navigation Panel Hide Arrow" />
    <Tag
      Name="Toolbar Button Separator" />
    <Tag
      Name="Navigation Tab">
      <Class
        Name="Glossary" />
      <Class
        Name="TOC" />
    </Tag>
    <Tag
      Name="Search Filter Drop-down" />
    <Tag
      Name="Search Filter Drop-down (hover)" />
    <Tag
      Name="Navigation Link" />
    <Tag
      Name="Toolbar Button Drop-down">
      <Class
        Name="SelectLanguageDropDownItemHover" />
      <Class
        Name="SelectSkinDropDownItemHover" />
    </Tag>
    <Tag
      Name="Search Heading" />
    <Tag
      Name="Search Result Link" />
    <Tag
      Name="Search Result Link (active)" />
    <Tag
      Name="Search Result Link (focus)" />
    <Tag
      Name="Search Result Link (hover)" />
    <Tag
      Name="Search Result Link (visited)" />
    <Tag
      Name="Search Result Path" />
    <Tag
      Name="Search Glossary Result" />
    <Tag
      Name="Search Pagination Item" />
    <Tag
      Name="Search Pagination Item (selected)" />
    <Tag
      Name="Search Pagination Item (hover)" />
    <Tag
      Name="Feedback Comment Header" />
    <Tag
      Name="Feedback Comment Item" />
    <Tag
      Name="Feedback Comment Subject" />
    <Tag
      Name="Feedback Comment Timestamp" />
    <Tag
      Name="Feedback Comment Username" />
    <Tag
      Name="Feedback User Profile Body" />
    <Tag
      Name="Feedback User Profile Button" />
    <Tag
      Name="Feedback User Profile Header" />
    <Tag
      Name="Feedback User Profile Item Group" />
    <Tag
      Name="Feedback User Profile Item Label" />
    <Tag
      Name="Search Micro Content Response Link" />
    <Tag
      Name="Search Micro Content Response Link (active)" />
    <Tag
      Name="Search Micro Content Response Link (focus)" />
    <Tag
      Name="Search Micro Content Response Link (hover)" />
    <Tag
      Name="Search Micro Content Response Link (visited)" />
    <Tag
      Name="Search Micro Content Response Path" />
    <Tag
      Name="Central Account Link Image" />
    <Tag
      Name="Home Button" />
    <Tag
      Name="Navigation Element">
      <Class
        Name="TOC - Home Page Row" />
      <Class
        Name="Index - Home Page Row" />
      <Class
        Name="Glossary - Home Page Row" />
      <Class
        Name="Browse Sequence - Home Page Row" />
      <Class
        Name="About - Home Page Row" />
      <Class
        Name="TOC Page" />
      <Class
        Name="Index Page" />
      <Class
        Name="Glossary Page Entry" />
      <Class
        Name="Browse Sequence Page" />
      <Class
        Name="Glossary Page Definition" />
      <Class
        Name="Search Results Page" />
    </Tag>
    <Tag
      Name="Item Count">
      <Class
        Name="TOC" />
      <Class
        Name="Index" />
      <Class
        Name="Browse Sequences" />
    </Tag>
    <Tag
      Name="Search Button" />
    <Tag
      Name="Formats" />
    <Tag
      Name="Relationships">
      <Class
        Name="concept" />
      <Class
        Name="task" />
      <Class
        Name="reference" />
    </Tag>
    <Tag
      Name="TocEntry" />
    <Tag
      Name="IndexEntry" />
    <Tag
      Name="IndexEntryPopup" />
    <Tag
      Name="AccordionItem">
      <Class
        Name="IconTray" />
      <Class
        Name="TOC" />
      <Class
        Name="Index" />
      <Class
        Name="Favorites" />
      <Class
        Name="Glossary" />
      <Class
        Name="BrowseSequence" />
      <Class
        Name="Search" />
      <Class
        Name="Community" />
    </Tag>
    <Tag
      Name="Frame">
      <Class
        Name="Toolbar" />
      <Class
        Name="TopicToolbar" />
      <Class
        Name="NavigationTopDivider" />
      <Class
        Name="NavigationDragHandle" />
      <Class
        Name="AccordionTOC" />
      <Class
        Name="AccordionIndex" />
      <Class
        Name="AccordionSearch" />
      <Class
        Name="AccordionGlossary" />
      <Class
        Name="AccordionFavorites" />
      <Class
        Name="AccordionBrowseSequence" />
      <Class
        Name="BodyComments" />
    </Tag>
    <Tag
      Name="Control">
      <Class
        Name="SearchButton" />
      <Class
        Name="SearchBox" />
      <Class
        Name="SearchFiltersLabel" />
      <Class
        Name="SearchUnfilteredLabel" />
      <Class
        Name="SearchFavoritesLabel" />
      <Class
        Name="TopicFavoritesLabel" />
      <Class
        Name="SearchFavoritesDeleteButton" />
      <Class
        Name="TopicFavoritesDeleteButton" />
      <Class
        Name="EmptySearchFavoritesLabel" />
      <Class
        Name="EmptyTopicFavoritesLabel" />
      <Class
        Name="AddSearchToFavoritesButton" />
      <Class
        Name="IndexSearchBox" />
      <Class
        Name="SearchResults" />
      <Class
        Name="Messages" />
      <Class
        Name="CommentsAddButton" />
      <Class
        Name="CommentsReplyButton" />
      <Class
        Name="CommentsRefreshButton" />
      <Class
        Name="CommentNode" />
      <Class
        Name="CommentReplyNode" />
      <Class
        Name="NavigationLinkTop" />
      <Class
        Name="NavigationLinkBottom" />
    </Tag>
    <Tag
      Name="Dialog">
      <Class
        Name="AddComment" />
      <Class
        Name="ReplyComment" />
      <Class
        Name="RegisterUser" />
    </Tag>
  </Map>
  <SourceUrls>
    <Url
      Source="../Project/Skins/Tripane.flskn" />
    <Url
      Source="../../../../../../../Program Files/MadCap Software/MadCap Flare 17/Flare.app/Resources/Stylesheets/MasterSkin.xmlstylesdef" />
  </SourceUrls>
</CatapultGlobalSkinCache>